{
    "base_link::./meshes/base_link.STL": {
        "8": {
            "0": {
                "mean": 593.233,
                "best": 593.233,
                "worst": 593.233,
                "spheres": [
                    {
                        "origin": [
                            0.005575522457867003,
                            0.0016172066630615524,
                            0.0847324901283652
                        ],
                        "radius": 0.104098
                    }
                ]
            },
            "1": {
                "mean": 253.068,
                "best": 199.789,
                "worst": 306.347,
                "spheres": [
                    {
                        "origin": [
                            0.0007935224578670031,
                            -0.0016937933369384475,
                            0.1117624901283652
                        ],
                        "radius": 0.080037
                    },
                    {
                        "origin": [
                            0.000466522457867003,
                            0.00037820666306155246,
                            0.0454824901283652
                        ],
                        "radius": 0.071739
                    }
                ]
            }
        }
    },
    "shoulder_link::./meshes/shoulder_link.STL": {
        "8": {
            "0": {
                "mean": 718.4,
                "best": 718.4,
                "worst": 718.4,
                "spheres": [
                    {
                        "origin": [
                            0.003398485851824471,
                            -0.0017611078154981495,
                            -0.0863473675260117
                        ],
                        "radius": 0.10022
                    }
                ]
            },
            "1": {
                "mean": 239.377,
                "best": 205.665,
                "worst": 273.946,
                "spheres": [
                    {
                        "origin": [
                            -0.0005525141481755293,
                            -0.01720610781549815,
                            -0.08342436752601169
                        ],
                        "radius": 0.061053
                    },
                    {
                        "origin": [
                            0.0008234858518244707,
                            -0.0019041078154981494,
                            -0.034381367526011695
                        ],
                        "radius": 0.060361
                    },
                    {
                        "origin": [
                            -0.01885451414817553,
                            -0.01912010781549815,
                            -0.1335493675260117
                        ],
                        "radius": 0.055802
                    },
                    {
                        "origin": [
                            0.01538948585182447,
                            -0.01812910781549815,
                            -0.14298836752601168
                        ],
                        "radius": 0.058253
                    }
                ]
            }
        }
    },
    "half_arm_1_link::./meshes/half_arm_1_link.STL": {
        "8": {
            "0": {
                "mean": 846.067,
                "best": 846.067,
                "worst": 846.067,
                "spheres": [
                    {
                        "origin": [
                            -0.0032418445010420137,
                            -0.09170798276866787,
                            -0.011273958197624863
                        ],
                        "radius": 0.146728
                    }
                ]
            },
            "1": {
                "mean": 152.365,
                "best": 102.103,
                "worst": 172.12,
                "spheres": [
                    {
                        "origin": [
                            0.00023315549895798634,
                            0.0018410172313321344,
                            -0.027968958197624863
                        ],
                        "radius": 0.054874
                    },
                    {
                        "origin": [
                            0.0010191554989579864,
                            -0.02615298276866787,
                            -0.027850958197624863
                        ],
                        "radius": 0.055329
                    },
                    {
                        "origin": [
                            -0.0010328445010420136,
                            -0.08420098276866787,
                            -0.030697958197624865
                        ],
                        "radius": 0.050521
                    },
                    {
                        "origin": [
                            0.0008741554989579863,
                            -0.13822698276866788,
                            -0.019414958197624864
                        ],
                        "radius": 0.051374
                    },
                    {
                        "origin": [
                            -0.023057844501042014,
                            -0.1902729827686679,
                            0.0011020418023751366
                        ],
                        "radius": 0.050334
                    },
                    {
                        "origin": [
                            0.010187155498957986,
                            -0.18790798276866788,
                            0.014671041802375138
                        ],
                        "radius": 0.0504
                    },
                    {
                        "origin": [
                            -0.006547844501042014,
                            -0.19613298276866786,
                            -0.03346295819762486
                        ],
                        "radius": 0.044832
                    },
                    {
                        "origin": [
                            0.025568155498957985,
                            -0.19437198276866785,
                            -0.014905958197624865
                        ],
                        "radius": 0.046377
                    }
                ]
            }
        }
    },
    "half_arm_2_link::./meshes/half_arm_2_link.STL": {
        "8": {
            "0": {
                "mean": 882.533,
                "best": 882.533,
                "worst": 882.533,
                "spheres": [
                    {
                        "origin": [
                            0.0013091790715985816,
                            -0.0027180457792014678,
                            -0.12710139928489506
                        ],
                        "radius": 0.137497
                    }
                ]
            },
            "1": {
                "mean": 144.203,
                "best": 99.974,
                "worst": 167.116,
                "spheres": [
                    {
                        "origin": [
                            0.0002131790715985817,
                            -0.0006130457792014679,
                            -0.039188399284895065
                        ],
                        "radius": 0.061837
                    },
                    {
                        "origin": [
                            -0.0057578209284014185,
                            -0.015227045779201469,
                            -0.23341339928489507
                        ],
                        "radius": 0.049257
                    },
                    {
                        "origin": [
                            0.02219917907159858,
                            -0.015791045779201467,
                            -0.19653639928489508
                        ],