{
    "iiwa_link_1::./meshes/collision/link_1.obj": {
        "20": {
            "0": {
                "mean": 888.839,
                "best": 888.839,
                "worst": 888.839,
                "spheres": [
                    {
                        "origin": [
                            -0.003004,
                            -0.0030075000000000015,
                            0.13040999999999997
                        ],
                        "radius": 0.158437
                    }
                ]
            },
            "1": {
                "mean": 360.032,
                "best": 352.315,
                "worst": 367.748,
                "spheres": [
                    {
                        "origin": [
                            0.001602,
                            -0.0588025,
                            0.19403199999999998
                        ],
                        "radius": 0.111126
                    },
                    {
                        "origin": [
                            -0.005299,
                            -0.010657500000000002,
                            0.044584999999999986
                        ],
                        "radius": 0.107078
                    }
                ]
            }
        }
    },
    "iiwa_link_2::./meshes/collision/link_2.obj": {
        "20": {
            "0": {
                "mean": 878.175,
                "best": 878.175,
                "worst": 878.175,
                "spheres": [
                    {
                        "origin": [
                            -0.004547999999999994,
                            0.069892,
                            0.018684
                        ],
                        "radius": 0.160613
                    }
                ]
            },
            "1": {
                "mean": 278.322,
                "best": 265.625,
                "worst": 299.041,
                "spheres": [
                    {
                        "origin": [
                            0.0015700000000000059,
                            0.004676999999999994,
                            0.061012
                        ],
                        "radius": 0.109519
                    },
                    {
                        "origin": [
                            -0.002915999999999994,
                            0.148896,
                            0.028265
                        ],
                        "radius": 0.092455
                    },
                    {
                        "origin": [
                            0.0007700000000000058,
                            0.161002,
                            -0.002267999999999999
                        ],
                        "radius": 0.080673
                    }
                ]
            }
        }
    },
    "iiwa_link_3::./meshes/collision/link_3.obj": {
        "20": {
            "0": {
                "mean": 748.186,
                "best": 748.186,
                "worst": 748.186,
                "spheres": [
                    {
                        "origin": [
                            0.0031341280714754774,
                            0.012829626526830017,
                            0.133518327600097
                        ],
                        "radius": 0.16297
                    }
                ]
            },
            "1": {
                "mean": 179.53,
                "best": 173.212,
                "worst": 187.67,
                "spheres": [
                    {
                        "origin": [
                            0.0022071280714754775,
                            0.009488626526830019,
                            0.05229432760009699
                        ],
                        "radius": 0.100601
                    },
                    {
                        "origin": [
                            -0.0024398719285245226,
                            0.05451462652683002,
                            0.173906327600097
                        ],
                        "radius": 0.094024
                    },
                    {
                        "origin": [
                            0.0004951280714754773,
                            0.05362762652683002,
                            0.21878932760009698
                        ],
                        "radius": 0.092457
                    }
                ]
            }
        }
    },
    "iiwa_link_4::./meshes/collision/link_4.obj": {
        "20": {
            "0": {
                "mean": 770.934,
                "best": 770.934,
                "worst": 770.934,
                "spheres": [
                    {
                        "origin": [
                            0.0021606343608930874,
                            0.06614524487982563,
                            0.0071518378675577456
                        ],
                        "radius": 0.14841
                    }
                ]
            },
            "1": {
                "mean": 284.381,
                "best": 283.871,
                "worst": 284.892,
                "spheres": [
                    {
                        "origin": [
                            0.0009976343608930874,
                            0.01921224487982564,
                            0.05134683786755775
                        ],
                        "radius": 0.109693
                    },
                    {
                        "origin": [
                            -0.00018136563910691264,
                            0.13859424487982563,
                            0.004419837867557747
                        ],
                        "radius": 0.094005
                    }
                ]
            }
        }
    },
    "iiwa_link_5::./meshes/collision/link_5.obj": {
        "20": {
            "0": {
                "mean": 1077.428,
                "best": 1077.428,
                "worst": 1077.428,
                "spheres": [
                    {
                        "origin": [
                            0.006464815970962622,
                            0.00459763554708054,
                            0.13258267653945477
                        ],
                        "radius": 0.157007
                    }
                ]
            },
            "1": {
                "mean": 186.726,
                "best": 166.972,
                "worst": 203.76,
                "spheres": [
                    {
                        "origin": [
                            0.000794815970962622,
                            -0.0022343644529194615,
                            0.04342667653945477
                        ],
                        "radius": 0.084118
                    },
                    {
                        "origin": [
                            -0.002326184029037378,
                            0.01349463554708054,
                            0.04858867653945477
                        ],
                        "radius": 0.084618
                    },
                    {
                        "origin": [
                            0.001193815970962622,
                            0.06876563554708054,
                            0.12273267653945477
                        ],
                        "radius": 0.054473
                    },
                    {
                        "origin": [
                            -0.001169184029037378,
                            0.07955163554708053,
                            0.18328867653945477
                        ],
                        "radius": 0.053816
                    },
                    {
                        "origin": [
                            -0.01899918402903738,
                            0.07663863554708053,
                            0.2289376765394548
                        ],